searchkeyword,errormessage
hfdshfjdsjhdfgbdfbdsfgdsbgbdskjgbdsjfgsdfgdfgjdfgbjdsbgdsgbbsgjhdbsjhgbsdjfbsdjfbsjdfbsdbjs,No products were found.
)(*&^%$#@@#$%^&*(),No products were found.
A B C D U I,No products were found.
SKU#88767632,No products were found.
768979,No products were found.
petrol car,No products were found.
mobile phone,No products were found.
gifts,We found  results for "
h,We found  results for "
Gifts dolls,We found  results for "
color,We found  results for "
dolls,We found  results for "
toys,We found  results for "
the gifts,We found  results for "
